Reference,Date,Title
ATG-4,2009-01-01,AASHTO transportation glossary
CEN/TR 14245:2020,2020-03-11,Cement - Guidelines for the application of EN 197-2: Assessment and verification of constancy of performance
CEN/TR 14568:2003,2003-08-20,EN 54 - Fire detection and fire alarm systems - Interpretation of specific clauses of EN 54-2:1997
CEN/TR 14823,1900-01-01,durability of wood and wood-based products - quantitative determination of pentachlorophenol in wood - gas chromatographic method
CEN/TR 15177:2006,2006-04-12,Testing the freeze-thaw resistance of concrete - Internal structural damage
CEN/TR 15226:2006,2006-03-29,Building products - Treatment of acoustics in product technical specifications
CEN/TR 15678:2008,2008-04-23,"Concrete - Release of regulated dangerous substances into soil, groundwater and surface water - Test method for new or unapproved constituents of concrete and for production concretes"
CEN/TR 15697:2008,2008-04-23,Cement - Performance testing for sulfate resistance - State of the art report
CEN/TR 15855:2009,2009-03-11,Construction products - Assessment of release of dangerous substances - Barriers to trade
CEN/TR 15858:2009,2009-03-25,"Construction products - Assessment of the release of regulated dangerous substances from construction products based on the WT, WFT/FT procedures"
CEN/TR 15941:2010,2010-05-26,Sustainability of construction works - Environmental product declarations - Methodology for selection and use of generic data
CEN/TR 16045:2010,2010-11-03,Construction Products - Assessment of release of dangerous substances - Content of regulated dangerous substances - Selection of analytical methods
CEN/TR 16098:2010,2010-11-03,Construction products: Assessment of release of dangerous substances - Concept of horizontal testing procedures in support of requirements under the CPD
CEN/TR 16142:2011,2011-03-09,Concrete - A study of the characteristic leaching behaviour of hardened concrete for use in the natural environment
CEN/TR 16220:2011,2011-08-31,Construction products - Assessment of release of dangerous substances - Complement to sampling
CEN/TR 16410:2012,2012-10-17,Construction products - Assessment of release of dangerous substances - Barriers to use - Extension to CEN/TR 15855 Barriers to trade
CEN/TR 16496:2013,2013-10-02,Construction Products - Assessment of release of dangerous substances - Use of harmonised horizontal assessment methods
CEN/TR 16632:2014,2014-06-18,Isothermal Conduction Calorimetry (ICC) for the determination of heat of hydration of cement: State of Art Report and Recommendations
CEN/TR 16797-1:2015,2015-08-26,Construction products: Assessment of release of dangerous substances - Guidance on the statistical assessment of declared values - Part 1: Principles and rules of application
CEN/TR 16797-2:2015,2015-08-26,Construction products: Assessment of release of dangerous substances - Guidance on the statistical assessment of declared values - Part 2: Technical and statistical background
CEN/TR 16912:2016,2016-05-25,Guidelines for a procedure to support the European standardization of cements
CEN/TR 16961:2018,2018-05-23,Declaration of uncertainties in test reports
CEN/TR 16970:2016,2016-07-27,Sustainability of construction works - Guidance for the implementation of EN 15804
CEN/TR 17005:2016,2016-10-26,Sustainability of construction works - Additional environmental impact categories and indicators - Background information and possibilities - Evaluation of the possibility of adding environmental impact categories and related indicators and calculation methods for the assessment of the environmental performance of buildings
CEN/TR 17068:2017,2017-02-15,Sealants for non-structural use in joints in buildings and pedestrian walkways - Guidance for CE marking and Declaration of Performance (DoP)
CEN/TR 17105:2017,2017-06-14,Construction products - Assessment of release of dangerous substances - Guidance on the use of ecotoxicity tests applied to construction products
CEN/TR 17113:2017,2017-10-18,Construction products - Assessment of release of dangerous substances - Radiation from construction products - Dose assessment of emitted gamma radiation
CEN/TR 17304:2018,2018-11-14,Construction products - Assessment of release of dangerous substances - Determination of emissions into indoor air of ammonia from cellulose insulation at 90 % RH
CEN/TR 17365:2019,2019-05-22,Method for the determination of C3A in the clinker from cement analysis
CEN/TR 17439:2020,2020-06-10,Guidance on how to implement EN ISO 19650-1 and -2 in Europe
CEN/TR 196-4:2007,2007-09-19,Methods of testing cement - Part 4: Quantitative determination of constituents
CEN/TS 12390-9:2016,2016-12-07,Testing hardened concrete - Part 9: Freeze-thaw resistance with de-icing salts - Scaling
CEN/TS 13354,1900-01-01,solid wood panels - bonding quality - test method
CEN/TS 15676,1900-01-01,wood flooring - slip resistance - pendulum test
CEN/TS 15730:2008,2008-08-13,"Earth-moving machinery - Guidelines for assessment of exposure to whole-body vibration of ride-on machines - Use of harmonized data measured by international institutes, organizations and manufacturers (ISO/TR 25398:2006)"
CEN/TS 16637-1:2018,2018-10-10,Construction products - Assessment of release of dangerous substances - Part 1: Guidance for the determination of leaching tests and additional testing steps
CEN/TS 16637-2:2014,2014-08-20,Construction products - Assessment of release of dangerous substances - Part 2: Horizontal dynamic surface leaching test
CEN/TS 16637-3:2016,2016-06-01,Construction products - Assessment of release of dangerous substances - Part 3: Horizontal up-flow percolation test
CEN/TS 17195:2018,2018-07-18,Construction products: Assessment of release of dangerous substances - Analysis of inorganic substances in eluates
CEN/TS 17196:2018,2018-07-18,Construction products: Assessment of release of dangerous substances - Digestion by aqua regia for subsequent analysis of inorganic substances
CEN/TS 17197:2018+AC:2018,2018-12-19,Construction products: Assessment of release of dangerous substances - Analysis of inorganic substances in digests and eluates - Analysis by Inductively Coupled Plasma - Optical Emission Spectrometry (ICP-OES)
CEN/TS 17200:2018+AC:2018,2018-12-19,Construction products: Assessment of release of dangerous substances - Analysis of inorganic substances in digests and eluates - Analysis by Inductively Coupled Plasma - Mass Spectrometry (ICP-MS)
CEN/TS 17201:2018+AC:2018,2018-12-19,Construction products: Assessment of release of dangerous substances - Content of inorganic substances - Methods for analysis of aqua regia digests
CEN/TS 17216:2018,2018-10-17,"Construction products - Assessment of release of dangerous substances - Determination of activity concentrations of radium-226, thorium-232 and potassium-40 in construction products using semiconductor gamma-ray spectrometry"
CEN/TS 17331:2019,2019-05-08,Construction products: Assessment of release of dangerous substances - Content of organic substances - Methods for extraction and analysis
CEN/TS 17332:2019,2019-05-08,Construction products: Assessment of release of dangerous substances - Analysis of organic substances in eluates
CEN/TS 54-14:2018,2018-10-31,Fire detection and fire alarm systems - Part 14: Guidelines for planning, design, installation, commissioning, use and maintenance
CEN/TS 54-32:2015,2015-07-01,Fire detection and fire alarm systems - Part 32: Planning, design, installation, commissioning, use and maintenance of voice alarm systems
CEN/TS 635-4,1900-01-01,"plywood - classification by surface appearance - part 4: parameters of ability for finishing, guideline"
CITES,1900-01-01,convention on international trade in endangered species of wild fauna and flora
CML-IA 4.1,2012-10-01,"Baseline, CML-IA Version 4.1, October 2012"
CR 12793:1997,1997-03-19,Measurement of the carbonation depth of hardened concrete
CR 13933:2000,2000-07-19,Masonry cement - Testing for workability (cohesivity)
CWA 16519:2012,2012-11-14,Design and Construction Code for mechanical equipments of innovative nuclear installations
CWA 17316:2018,2018-07-04,Smart CE marking for construction products
CWA 17377:2019,2019-02-06,Design and Construction Codes for Gen II to IV nuclear facilities (pilot case for process for evolution of AFCEN codes)
DIN 105-4:2019-01,1-1-2019,Clay bricks - Part 4: Ceramic bricks
DIN 1055-4:2005-03,1-3-2005,Action on structures - Part 4: Wind loads
DIN 1168-2:1975-07,1-7-1975,"Building Plasters, Requirements, Testing, Control"
DIN 17611:2022-08,1-8-2022,Anodized products of wrought aluminium and wrought aluminium alloys - Technical conditions of delivery
DIN 18032-3:2018-11,1-11-2018,Sports halls - Halls and rooms for sports and multi-purpose use - Part 3: Testing of safety against ball throwing
DIN 18202:2019-07,1-7-2019,Tolerances in building construction - Buildings
DIN 18516-1:2010-06,1-6-2010,Cladding for external walls, ventilated at rear - Part 1: Requirements, principles of testing
DIN 28400-2,1980-10-01,"Vacuum technology; terms and definitions, vacuum pumps"
DIN 4074-1:2012-06,1-6-2012,Strength grading of wood - Part 1: Coniferous sawn timber
DIN 4102-1:1998-05,1-5-1998,"Fire behaviour of building materials and building components - Part 1: Building materials, concepts, requirements and tests"
DIN 4102-17:2017-12,1-12-2017,Fire behaviour of building materials and building components - Part 17: Melting point of mineral wool insulating materials - Terms and definitions, requirements and test
DIN 4102-4:2016-05,1-5-2016,Fire behaviour of building materials and building components - Part 4: Synopsis and application of classified building materials, components and special components
DIN 4108-10:2021-11,1-11-2021,Thermal insulation and energy economy in buildings - Part 10: Application-related requirements for thermal insulation materials
DIN 4108-3:2018-10,1-10-2018,Thermal protection and energy economy in buildings - Part 3: Protection against moisture subject to climate conditions - Requirements, calculation methods and directions for planning and construction
DIN 4108-4:2020-11,1-11-2020,Thermal insulation and energy economy in buildings - Part 4: Hygrothermal design values
DIN 4109-1:2018-01,1-1-2018,Sound insulation in buildings - Part 1: Minimum requirements
DIN EN 13306,2018-02-01,Begriffe der Instandhaltung; Dreisprachige Fassung
DIN EN 1333,1992-02-01,Flanges and their joints - Pipework components - Definition and selection of PN
DIN EN 13460,2009-08-01,Documentation for maintenance
DIN EN ISO 17769-1,2012-11-01,"Liquid pumps and installation - General terms, definitions, quantities, letter symbols and units - Part 1: Liquid pumps"
DIN EN ISO 17769-2,2012-11-01,"Liquid pumps and installation - General terms, definitions, quantities, letter symbols and units - Part 2: Pumping System"
DIN EN ISO 80000-8,2020-06-01,Quantities and units - Part 8: Acoustics
DIN ISO 21360-1,2016-09-01,Vacuum technology — Standard methods for measuring vacuum-pump performance — Part 1: General description
EAD 090062-00-0404,1-7-2018,Kits for external wall claddings mechanically fixed
EC Decision 2000/147/EC,2000-02-08,commission decision of 8 February 2000
EN 1009-1:2020,2020-05-27,Machines for mechanical processing of minerals and similar solid materials - Safety - Part 1: Common requirements for machinery and processing plants
EN 1009-2:2020,2020-05-27,Machines for mechanical processing of minerals and similar solid materials - Safety - Part 2: Specific requirements for feeding machinery and continuous handling equipment
EN 1009-3:2020,2020-05-27,Machines for mechanical processing of minerals and similar solid materials - Safety - Part 3: Specific requirements for crushing and milling machinery
EN 1009-4:2020,2020-05-27,Machines for mechanical processing of minerals and similar solid materials - Safety - Part 4: Specific requirements for screening machinery
EN 1009-5:2020,2020-05-27,"Machines for mechanical processing of minerals and similar solid materials - Safety - Part 5: Specific requirements for cleaning, recycling, sorting and mud treatment machinery"
EN 1036-1:2007,2007-12-19,"Glass in building - Mirrors from silver-coated float glass for internal use - Part 1: Definitions, requirements and test methods"
EN 1036-2:2008,2008-02-13,Glass in building - Mirrors from silver-coated float glass for internal use - Part 2: Evaluation of conformity; product standard
EN 1051-1:2003,2003-01-29,Glass in building - Glass blocks and glass pavers - Part 1: Definitions and description
EN 1051-2:2007,2007-10-03,Glass in building - Glass blocks and glass pavers - Part 2: Evaluation of conformity/Product standard
EN 10545-2:2019,2019-03-01,Ceramic tiles - Part 2: Determination of dimensions and surface quality
EN 1058,1900-01-01,wood-based panels - determination of characteristic 5-percentile values and characteristic mean values
EN 1063:1999,1999-11-17,Glass in building - Security glazing - Testing and classification of resistance against bullet attack
EN 1096-1:2012,2012-01-18,Glass in building - Coated glass - Part 1: Definitions and classification
EN 1096-2:2012,2012-01-18,"Glass in building - Coated glass - Part 2: Requirements and test methods for class A, B and S coatings"
EN 1096-3:2012,2012-01-18,Glass in building - Coated glass - Part 3: Requirements and test methods for class C and D coatings
EN 1096-4:2018,2018-08-22,Glass in building - Coated glass - Part 4: Product standard
EN 1096-5:2016,2016-01-27,Glass in building - Coated glass - Part 5 - Test method and classification for the self-cleaning performances of coated glass surfaces
EN 1128,1900-01-01,cement-bonded particleboards. determination of hard body impact resistance
EN 1195,1900-01-01,timber structures - test methods - performance of structural floor decking
EN 12001:2012,2012-08-29,"Conveying, spraying and placing machines for concrete and mortar - Safety requirements"
EN 12110:2014,2014-05-21,Tunnelling machines - Air locks - Safety requirements
EN 12114,1900-01-01,thermal performance of buildings - air permeability of building components and building elements - laboratory test method
EN 12150-1:2015+A1:2019,2019-05-08,Glass in building - Thermally toughened soda lime silicate safety glass - Part 1: Definition and description
EN 12150-2:2004,2004-10-06,Glass in building - Thermally toughened soda lime silicate safety glass - Part 2: Evaluation of conformity/Product standard
EN 12337-1:2000,2000-06-21,Glass in building - Chemically strengthened soda lime silicate glass - Part 1: Definition and description
EN 12337-2:2004,2004-10-13,Glass in building - Chemically strengthened soda lime silicate glass - Part 2: Evaluation of conformity/Product standard
EN 12348:2000+A1:2009,2009-04-01,Core drilling machines on stand - Safety
EN 12354-5:2009,2009-04-01,Building acoustics - Estimation of acoustic performance of building from the performance of elements - Part 5: Sounds levels due to the service equipment
EN 12354-5:2009/AC:2010,2010-10-20,Building acoustics - Estimation of acoustic performance of building from the performance of elements - Part 5: Sounds levels due to the service equipment
EN 12354-6:2003,2003-12-17,Building acoustics - Estimation of acoustic performance of buildings from the performance of elements - Part 6: Sound absorption in enclosed spaces
EN 12369-1,1900-01-01,"wood-based panels - characteristic values for structural design - part 1: OSB, particleboard and fibreboard"
EN 12369-2,1900-01-01,wood-based panels - characteristic values for structural design - part 2: plywood
EN 12418:2000+A1:2009,2009-03-25,Masonry and stone cutting-off machines for job site - Safety
EN 12467:2018-07,1-7-2018,Fibre-cement flat sheets - Product specification and test methods
EN 12488:2016,2016-06-29,Glass in building - Glazing recommendations - Assembly principles for vertical and sloping glazing
EN 12524,1900-01-01,building materials and products - hygrothermal properties - tabulated design values
EN 12600:2002,2002-11-20,Glass in building - Pendulum test - Impact test method and classification for flat glass
EN 12603:2002,2002-11-20,Glass in building - Procedures for goodness of fit and confidence intervals for Weibull distributed glass strength data
EN 12629-1:2000+A1:2010,2010-09-01,Machines for the manufacture of constructional products from concrete and calcium-silicate - Safety - Part 1: Common requirements
EN 12629-2:2002+A1:2010,2010-09-01,Machines for the manufacture of constructional products from concrete and calcium-silicate - Safety - Part 2: Block making machines
EN 12629-3:2002+A1:2010,2010-09-01,Machines for the manufacture of constructional products from concrete and calcium-silicate - Safety - Part 3: Slide and turntable machines
EN 12629-4:2001+A1:2010,2010-09-01,Machines for the manufacture of constructional products from concrete and calcium-silicate - Safety - Part 4:Concrete roof tile making machines
EN 12629-5-1:2003+A1:2010,2010-09-01,Machines for the manufacture of constructional products from concrete and calcium-silicate - Safety - Part 5-1: Pipe making machines manufacturing in the vertical axis
EN 12629-5-2:2003+A1:2010,2010-09-01,Machines for the manufacture of constructional products from concrete and calcium-silicate - Safety - Part 5-2: Pipe making machines manufacturing in the horizontal axis
EN 12629-5-3:2003+A1:2010,2010-09-01,Machines for the manufacture of constructional products from concrete and calcium-silicate - Safety - Part 5-3: Pipe prestressing machines
EN 12629-5-4:2003+A1:2010,2010-09-01,Machines for the manufacture of constructional products from concrete and calcium-silicate - Safety - Part 5-4: Concrete pipe coating machines
EN 12629-6:2004+A1:2010,2010-09-01,Machines for the manufacture of constructional products from concrete and calcium-silicate - Safety - Part 6: Stationary and mobile equipment for the manufacture of precast reinforced products
EN 12629-7:2004+A1:2010,2010-09-01,Machines for the manufacture of constructional products from concrete and calcium-silicate - Safety - Part 7: Stationary and mobile equipment for long line manufacture of prestressed products
EN 12629-8:2002+A1:2010,2010-09-01,Machines for the manufacture of constructional products from concrete and calcium-silicate - Safety - Part 8: Machines and equipment for the manufacture of constructional products from calcium-silicate (and concrete)
EN 12649:2008+A1:2011,2011-07-13,Concrete compactors and smoothing machines - Safety
EN 12664,1900-01-01,thermal performance of building materials and products - determination of thermal resistance by means of guarded hot plate and heat flow meter methods - dry and moist products of medium and low thermal resistance
EN 12758:2019,2019-09-04,"Glass in building - Glazing and airborne sound insulation - Product descriptions, determination of properties and extension rules"
EN 1279-1:2018,2018-07-25,"Glass in Building - Insulating glass units - Part 1: Generalities, system description, rules for substitution, tolerances and visual quality"
EN 1279-2:2018,2018-07-25,Glass in building - Insulating glass units - Part 2: Long term test method and requirements for moisture penetration
EN 1279-3:2018,2018-07-25,Glass in building - Insulating glass units - Part 3: Long term test method and requirements for gas leakage rate and for gas concentration tolerances
EN 1279-4:2018,2018-07-25,Glass in Building - Insulating Glass Units - Part 4: Methods of test for the physical attributes of edge seal components and inserts
EN 1279-5:2018,2018-07-25,Glass in building - Insulating glass units - Part 5: Product standard
EN 1279-6:2018,2018-07-25,Glass in building - Insulating glass units - Part 6: Factory production control and periodic tests
EN 12871,1900-01-01,"wood-based panels - determination of performance characteristics for load bearing panels for use in floors, roofs and walls"
EN 1288-1:2000,2000-06-21,Glass in building - Determination of the bending strength of glass - Part 1: Fundamentals of testing glass
EN 1288-2:2000,2000-06-21,Glass in building - Determination of bending strength of glass - Part 2: Coaxial double ring test on flat specimens with large test surface areas
EN 1288-3:2000,2000-06-21,Glass in building - Determination of the bending strength of glass - Part 3: Test with specimen supported at two points (four point bending)
EN 1288-4:2000,2000-06-21,Glass in building - Determination of the bending strength of glass - Part 4: Testing of channel shaped glass
EN 1288-5:2000,2000-06-21,Glass in building - Determination of the bending strength of glass - Part 5: Coaxial double ring test on flat specimens with small test surface areas
EN 12898:2019,2019-03-13,Glass in building - Determination of the emissivity
EN 13017-1,1900-01-01,solid wood panel - classification by surface appearance - part 1: softwood
EN 13017-2,1900-01-01,solid wood panel - classification by surface appearance - part 2: hardwood
EN 13019:2001+A1:2008,2008-12-10,Machines for road surface cleaning - Safety requirements
EN 13020:2015,2015-11-18,Road surface treatment machines - Safety requirements
EN 13021:2003+A1:2008,2008-12-10,Winter service machines - Safety requirements
EN 13022-1:2014,2014-06-04,Glass in building - Structural sealant glazing - Part 1: Glass products for structural sealant glazing systems for supported and unsupported monolithic and multiple glazing
EN 13022-2:2014,2014-06-04,Glass in building - Structural sealant glazing - Part 2: Assembly rules
EN 13024-1:2011,2011-11-30,Glass in building - Thermally toughened borosilicate safety glass - Part 1: Definition and description
EN 13024-2:2004,2004-10-13,Glass in building - Thermally toughened borosilicate safety glass - Part 2: Evaluation of conformity/Product standard
EN 13035-1:2008,2008-03-12,"Machines and plants for the manufacture, treatment and processing of flat glass - Safety requirements - Part 1: Storage, handling and transportation equipment inside the factory"
EN 13035-11:2006+A1:2010,2010-03-10,"Machines and plants for the manufacture, treatment and processing of flat glass - Safety requirements - Part 11: Drilling machines"
EN 13035-2:2008,2008-03-12,"Machines and plants for the manufacture, treatment and processing of flat glass - Safety requirements - Part 2: Storage, handling and transportation equipment outside the factory"
EN 13035-3:2003+A1:2009,2009-08-19,"Machines and plants for the manufacture, treatment and processing of flat glass - Safety requirements - Part 3: Cutting machines"
EN 13035-3:2003+A1:2009/AC:2010,2010-04-28,"Machines and plants for the manufacture, treatment and processing of flat glass - Safety requirements - Part 3: Cutting machines"
EN 13035-4:2003+A1:2009,2009-12-16,"Machines and plants for the manufacture, treatment and processing of flat glass - Safety requirements - Part 4: Tilting tables"
EN 13035-5:2006+A1:2009,2009-12-16,"Machines and plants for the manufacture, treatment and processing of flat glass - Safety requirements - Part 5: Machines and installations for stacking and de-stacking"
EN 13035-6:2006+A1:2009,2009-12-16,"Machines and plants for the manufacture, treatment and processing of flat glass - Safety requirements - Part 6: Machines for break-out"
EN 13035-7:2006+A1:2009,2009-12-02,"Machines and plants for the manufacture, treatment and processing of flat glass - Safety requirements - Part 7: Cutting machines for laminated glass"
EN 13035-9:2006+A1:2010,2010-03-10,"Machines and plants for the manufacture, treatment and processing of flat glass - Safety requirements - Part 9: Washing installations"
EN 13042-1:2007+A1:2009,2009-11-11,"Machines and plants for the manufacture, treatment and processing of hollow glass - Safety requirements - Part 1: Gob feeder"
EN 13042-2:2004+A1:2009,2009-07-01,"Machines and plants for the manufacture, treatment and processing of hollow glass - Safety requirements - Part 2: Handling machines for feeding"
EN 13042-3:2007+A1:2009,2009-07-22,"Machines and plants for the manufacture, treatment and processing of hollow glass - Safety requirements - Part 3: IS machines"
EN 13042-5:2003+A1:2009,2009-07-01,"Machines and plants for the manufacture, treatment and processing of hollow glass - Safety requirements - Part 5: Presses"
EN 1309-1,1900-01-01,round and sawn timber - method of measurement of dimensions - part 1: sawn timber
EN 13102:2005+A1:2008,2008-11-12,Ceramic machines - Safety - Loading and unloading of fine clay tiles
EN 13162:2015-04,1-4-2015,Thermal insulation products for buildings - Factory made mineral wool (MW) products - Specification
EN 13183-2,1900-01-01,moisture content of a piece of sawn timber. estimation by electrical resistance method
EN 13271,1900-01-01,timber fasteners - characteristic load-carrying capacities and slip-moduli for connector joints
EN 1328,1900-01-01,cement bonded particleboards - determination of frost resistance
EN 13282-1:2013,2013-03-06,"Hydraulic road binders - Part 1: Rapid hardening hydraulic road binders - Composition, specifications and conformity criteria"
EN 13282-2:2015,2015-04-29,"Hydraulic road binders - Part 2: Normal hardening hydraulic road binders - Composition, specifications and conformity criteria "
EN 13282-3:2015,2015-04-01,Hydraulic road binders - Part 3: Conformity evaluation
EN 13318:2000,2000-06-21,Screed material and floor screeds - Definitions
EN 13353,1900-01-01,solid wood panels(SWP) - requirements
EN 13367:2005+A1:2008,2008-10-08,Ceramic machines - Safety - Transfer platforms and cars
EN 13367:2005+A1:2008/AC:2009,2009-11-25,Ceramic machines - Safety - Transfer platforms and cars
EN 13446,1900-01-01,wood-based panels - determination of withdrawal capacity of fasteners
EN 13501-1:2019-05,1-5-2019,Fire classification of construction products and building elements - Part 1: Classification using data from reaction to fire tests
EN 13501-2:2016-06,1-6-2016,Fire classification of construction products and building elements - Part 2: Classification using data from fire resistance tests, excluding ventilation services
EN 13524:2003+A2:2014,2014-02-19,Highway maintenance machines - Safety requirements
EN 13531:2001+A1:2008,2008-10-01,Earth-moving machinery - Tip-over protection structure (TOPS) for compact excavators - Laboratory tests and performance requirements (ISO 12117:1997 modified)
EN 13541:2012,2012-02-29,Glass in building - Security glazing - Testing and classification of resistance against explosion pressure
EN 13556,1900-01-01,round and sawn timber - nomenclature of timbers used in Europe
EN 13639:2017,2017-09-27,Determination of total organic carbon in limestone
EN 13813:2002,2002-10-16,Screed material and floor screeds - Screed material - Properties and requirements
EN 13830:2020-11,1-11-2020,Curtain walling - Product standard
EN 13862:2001+A1:2009,2009-03-25,Floor cutting-off machines - Safety
EN 13892-1:2002,2002-11-20,"Methods of test for screed materials - Part 1: Sampling, making and curing specimens for test"
EN 13892-2:2002,2002-11-20,Methods of test for screed materials - Part 2: Determination of flexural and compressive strength
EN 13892-3:2014,2014-12-17,Methods of test for screed materials - Part 3: Determination of wear resistance - Böhme
EN 13892-4:2002,2002-11-20,Methods of test for screed materials - Part 4: Determination of wear resistance-BCA
EN 13892-5:2003,2003-06-04,Methods of test for screed materials - Part 5: Determination of wear resistance to rolling wheel of screed material for wearing layer
EN 13892-6:2002,2002-11-20,Methods of test for screed materials - Part 6: Determination of surface hardness
EN 13892-7:2003,2003-06-04,Methods of test for screed materials - Part 7: Determination of wear resistance to rolling wheel of screed material with floor coverings
EN 13892-8:2002,2002-11-20,Methods of test for screed materials - Part 8: Determination of bond strength
EN 13892-9:2018,2018-10-10,Methods of test for screed materials - Part 9: Dimensional stability
EN 1396:2015-06,1-6-2015,Aluminium and aluminium alloys - Coil coated sheet and strip for general applications - Specifications
EN 13986,1900-01-01,"wood-based panels for use in construction - characteristics, evaluation of conformity and marking"
EN 14016-1:2004,2004-01-14,"Binders for magnesite screeds - Caustic magnesia and magnesium chloride - Part 1: Definitions, requirements"
EN 14016-2:2004,2004-01-14,Binders for magnesite screeds - Caustic magnesia and magnesium chloride - Part 2: Test methods
EN 14080,1900-01-01,timber structures glued laminated timber and glued solid timber requirements
EN 14081-1:2019-10,1-10-2019,Timber structures - Strength graded structural timber with rectangular cross section - Part 1: General requirements
EN 14178-1:2004,2004-10-13,Glass in building - Basic alkaline earth silicate glass products - Part 1: Float glass
EN 14178-2:2004,2004-10-13,Glass in building - Basic alkaline earth silicate glass products - Part 2: Evaluation of conformity/Product standard
EN 14179-1:2016,2016-07-27,Glass in building - Heat soaked thermally toughened soda lime silicate safety glass - Part 1: Definition and description
EN 14179-2:2005,2005-05-18,Glass in building - Heat soaked thermally toughened soda lime silicate safety glass - Part 2: Evaluation of conformity/Product standard
EN 14216:2015,2015-07-15,"Cement - Composition, specifications and conformity criteria for very low heat special cements"
EN 14321-1:2005,2005-06-22,Glass in building - Thermally toughened alkaline earth silicate safety glass - Part 1: Definition and description
EN 14321-2:2005,2005-08-10,Glass in building - Thermally toughened alkaline earth silicate safety glass - Part 2: Evaluation of conformity/Product standard
EN 14322,1900-01-01,"wood-based panels - melamine faced boards for interior uses - definition, requirements and classification"
EN 14342,1900-01-01,"wood flooring characteristics, evaluation of conformity and marking"
EN 14351-1:2016-12,1-12-2016,Windows and doors - Product standard, performance characteristics - Part 1: Windows and external pedestrian doorsets
EN 14366:2004+A1:2019,2019-10-30,Laboratory measurement of noise from waste water installations
EN 14374,1900-01-01,timber structures - structural laminated veneer lumber
EN 14411:2016-12,1-12-2016,Ceramic tiles - Definition, classification, characteristics, assessment and verification of constancy of performance and marking
EN 14449:2005,2005-05-11,Glass in building - Laminated glass and laminated safety glass - Evaluation of conformity/Product standard
EN 14449:2005/AC:2005,2005-12-07,Glass in building - Laminated glass and laminated safety glass - Evaluation of conformity/Product standard
EN 14604:2005,2005-07-27,Smoke alarm devices
EN 14604:2005/AC:2008,2008-10-22,Smoke alarm devices
EN 14647:2005,2005-10-19,"Calcium aluminate cement - Composition, specifications and conformity criteria"
EN 14647:2005/AC:2006,2006-11-29,"Calcium aluminate cement - Composition, specifications and conformity criteria"
EN 14755,1900-01-01,extruded particleboards - Specifications
EN 14915,1900-01-01,solid wood panelling and cladding
EN 15027:2007+A1:2009,2009-03-25,Transportable wall saw and wire saw equipment for job site - Safety
EN 15059:2009+A1:2015,2015-02-25,Snow grooming equipment - Safety requirements
EN 15162:2008,2008-05-21,Machines and plants for mining and tooling of natural stone - Safety requirements for gang saws
EN 15163:2017,2017-06-14,Machines and installations for the exploitation and processing of natural stone - Safety - Requirements for diamond wire saws
EN 15164:2008,2008-05-21,Machines and plants for mining and tooling of natural stone - Safety - Requirements for chain- and belt-slotting machines
EN 15228,1900-01-01,structural timber - structural timber preservative treated against biological attack
EN 1533,1900-01-01,wood flooring - determination of bending strength under static load - test methods
EN 15368:2008+A1:2010,2010-06-16,"Hydraulic binder for non-structural applications - Definition, specifications and conformity criteria"
EN 15425,1900-01-01,adhesives. one component polyurethane for load bearing timber structures. classification and performance requirements
EN 15434:2006+A1:2010,2010-03-24,Glass in building - Product standard for structural and/or ultra-violet resistant sealant (for use with structural sealant glazing and/or insulating glass units with exposed seals)
EN 15497,1900-01-01,structural finger jointed solid timber - performance requirements and minimum production requirements
EN 15571:2014,2014-11-26,Machines and plants for mining and tooling of natural stone - Safety - Requirements for surface finishing machines
EN 15572:2015,2015-08-19,Machines and plants for mining and tooling of natural stone - Safety - Requirements for edge finishing machines
EN 15573:2008,2008-05-07,Earth-moving machinery - Design requirements for circulation on the road
EN 15643-1:2010,2010-09-22,Sustainability of construction works - Sustainability assessment of buildings - Part 1: General framework
EN 15643-2:2011,2011-03-02,Sustainability of construction works - Assessment of buildings - Part 2: Framework for the assessment of environmental performance
EN 15643-3:2012,2012-01-25,Sustainability of construction works - Assessment of buildings - Part 3: Framework for the assessment of social performance
EN 15643-4:2012,2012-01-25,Sustainability of construction works - Assessment of buildings - Part 4: Framework for the assessment of economic performance
EN 15643-5:2017,2017-11-01,Sustainability of construction works - Sustainability assessment of buildings and civil engineering works - Part 5: Framework on specific principles and requirement for civil engineering works
EN 15651-1:2017,2017-02-15,Sealants for non-structural use in joints in buildings and pedestrian walkways - Part 1: Sealants for facade elements
EN 15651-2:2017,2017-02-15,Sealants for non-structural use in joints in buildings and pedestrian walkways - Part 2: Sealants for glazing
EN 15651-3:2017,2017-02-15,Sealants for non-structural use in joints in buildings and pedestrian walkways - Part 3: Sealants for sanitary joints
EN 15651-4:2017,2017-02-15,Sealants for non-structural use in joints in buildings and pedestrian walkways - Part 4: Sealants for pedestrian walkways
EN 15651-4:2017/AC:2017,2017-07-05,Sealants for non-structural use in joints in buildings and pedestrian walkways - Part 4: Sealants for pedestrian walkways
EN 15651-5:2017,2017-03-08,"Sealants for non-structural use in joints in buildings and pedestrian walkways - Part 5: Assessment and verification of constancy of performance, marking and labelling"
EN 15657:2017,2017-07-19,Acoustic properties of building elements and of buildings - Laboratory measurement of structure-borne sound from building service equipment for all installation conditions
EN 15681-1:2016,2016-01-27,Glass in building - Basic alumino silicate glass products - Part 1: Definitions and general physical and mechanical properties
EN 15681-2:2017,2017-02-15,Glass in Building - Basic alumino silicate glass products - Part 2: Product standard
EN 15682-1:2013,2013-07-31,Glass in building - Heat soaked thermally toughened alkaline earth silicate safety glass - Part 1: Definition and description
EN 15682-2:2013,2013-07-31,Glass in building - Heat soaked thermally toughened alkaline earth silicate safety glass - Part 2: Evaluation of conformity/Product standard
EN 15683-1:2013,2013-07-24,Glass in building - Thermally toughened soda lime silicate channel shaped safety glass - Part 1: Definition and description
EN 15683-2:2013,2013-12-11,Glass in building - Thermally toughened soda lime silicate channel shaped safety glass - Part 2: Evaluation of conformity/Product standard
EN 15743:2010+A1:2015,2015-04-08,"Supersulfated cement - Composition, specifications and conformity criteria"
EN 15752-1:2014,2014-08-06,Glass in building - Adhesive backed polymeric film - Part 1: Definitions and requirements
EN 15755-1:2014,2014-08-13,Glass in building - Adhesive backed polymeric filmed glass - Part 1: Definitions and requirements
EN 15804:2012+A2:2019,2019-10-30,Sustainability of construction works - Environmental product declarations - Core rules for the product category of construction products
EN 15942:2011,2011-10-19,Sustainability of construction works - Environmental product declarations - Communication format business-to-business
EN 15978:2011,2011-11-09,Sustainability of construction works - Assessment of environmental performance of buildings - Calculation method
EN 15998:2010,2010-11-10,"Glass in building - Safety in case of fire, fire resistance - Glass testing methodology for the purpose of classification"
EN 1607:2013-05,1-5-2013,"Thermal insulating products for building applications - Determination of tensile strength perpendicular to faces, German version EN 1607:2013"
EN 16191:2014,2014-05-21,Tunnelling machinery - Safety requirements
EN 16205:2013+A1:2018,2018-03-21,Laboratory measurement of walking noise on floors
EN 16228-1:2014,2014-05-21,Drilling and foundation equipment - Safety - Part 1: Common requirements
EN 16228-2:2014,2014-05-21,"Drilling and foundation equipment - Safety - Part 2: Mobile drill rigs for civil and geotechnical engineering, quarrying and mining"
EN 16228-3:2014,2014-05-21,Drilling and foundation equipment - Safety - Part 3: Horizontal directional drilling equipment (HDD)
EN 16228-4:2014,2014-05-21,Drilling and foundation equipment - Safety - Part 4: Foundation equipment
EN 16228-5:2014,2014-05-21,Drilling and foundation equipment - Safety - Part 5: Diaphragm walling equipment
EN 16228-6:2014,2014-05-21,"Drilling and foundation equipment - Safety - Part 6: Jetting, grouting and injection equipment"
EN 16228-7:2014,2014-05-21,Drilling and foundation equipment - Safety - Part 7: Interchangeable auxiliary equipment
EN 16309:2014+A1:2014,2014-08-20,Sustainability of construction works - Assessment of social performance of buildings - Calculation methodology
EN 16351,1900-01-01,timber structures - cross laminated timber - requirements
EN 16477-1:2016,2016-12-07,Glass in building - Painted glass for internal use - Part 1: Requirements
EN 16487:2014,2014-11-12,Acoustics - Test code for suspended ceilings - Sound absorption
EN 16516:2017+A1:2020,2020-07-22,Construction products: Assessment of release of dangerous substances - Determination of emissions into indoor air
EN 16564:2014,2014-12-03,"Machines and plants for mining and tooling of natural stone - Safety - Requirements for bridge type sawing/milling machines, included numerical control (NC/CNC) versions"
EN 16612:2019,2019-10-16,Glass in building - Determination of the lateral load resistance of glass panes by calculation
EN 16613:2019,2019-10-16,Glass in building - Laminated glass and laminated safety glass - Determination of interlayer viscoelastic properties
EN 16627:2015,2015-06-24,Sustainability of construction works - Assessment of economic performance of buildings - Calculation methods
EN 16687:2015,2015-06-10,Construction products - Assessment of release of dangerous substances - Terminology
EN 16703:2015,2015-09-16,Acoustics - Test code for drywall systems of plasterboard with steel studs - Airborne sound insulation
EN 16733:2016-07,1-7-2016,Reaction to fire tests for building products - Determination of a building product's propensity to undergo continuous smouldering
EN 16908:2017,2017-02-01,Cement and building lime - Environmental product declarations - Product category rules complementary to EN 15804
EN 17074:2019,2019-10-23,Glass in building - Environmental product declaration - Product category rules for flat glass products
EN 17087:2019,2019-02-13,Construction products: Assessment of release of dangerous substances - Preparation of test portions from the laboratory sample for testing of release and analysis of content
EN 1748-1-1:2004,2004-09-08,Glass in building - Special basic products -Borosilicate glasses - Part 1-1: Definition and general physical and mechanical properties
EN 1748-1-2:2004,2004-10-06,Glass in building - Special basic products - Borosilicate glasses - Part 1-2: Evaluation of conformity/Product standard
EN 1748-2-1:2004,2004-09-08,Glass in building - Special basic products - Glass ceramics - Part 2-1 Definitions and general physical and mechanical properties
EN 1748-2-2:2004,2004-10-06,Glass in building - Special basic products - Glass ceramics - Part 2-2: Evaluation of conformity/Product standard
EN 1863-1:2011,2011-11-30,Glass in building - Heat strengthened soda lime silicate glass - Part 1: Definition and description
EN 1863-2:2004,2004-10-06,Glass in building - Heat strengthened soda lime silicate glass - Part 2: Evaluation of conformity/Product standard
EN 1912,1900-01-01,structural timber - strength classes - assignment of visual grades and species
EN 196-1:2016,2016-04-27,Methods of testing cement - Part 1: Determination of strength
EN 196-10:2016,2016-05-18,"Methods of testing cement - Part 10: Determination of the water-soluble chromium (VI) content of cement "
EN 196-11:2018,2018-12-19,Methods of testing cement - Part 11: Heat of hydration - Isothermal Conduction Calorimetry method
EN 196-2:2013,2013-06-12,Method of testing cement - Part 2: Chemical analysis of cement
EN 196-3:2016,2016-11-23,Methods of testing cement - Part 3: Determination of setting times and soundness
EN 196-5:2011,2011-03-23,Methods of testing cement - Part 5: Pozzolanicity test for pozzolanic cement
EN 196-6:2018,2018-12-19,Methods of testing cement - Part 6: Determination of fineness
EN 196-7:2007,2007-12-05,Methods of testing cement - Part 7: Methods of taking and preparing samples of cement
EN 196-8:2010,2010-03-24,Methods of testing cement - Part 8: Heat of hydration - Solution method
EN 196-9:2010,2010-03-24,Methods of testing cement - Part 9: Heat of hydration - Semi-adiabatic method
EN 197-1:2011,2011-09-14,"Cement - Part 1: Composition, specifications and conformity criteria for common cements"
EN 197-2:2020,2020-03-11,Cement - Part 2: Assessment and verification of constancy of performance
EN 1991-1-4:2010-12,1-12-2010,Eurocode 1: Actions on structures - Part 1-4: General actions - Wind actions
EN 1992-4:2019-04,1-4-2019,Eurocode 2 - Design of concrete structures - Part 4: Design of fastenings for use in concrete
EN 1993-1-4:2015-10,1-10-2015,Eurocode 3: Design of steel structures - Part 1-4: General rules - Supplementary rules for stainless steels
EN 1995-1-1,1900-01-01,eurocode 5 - design of timber structures - part 1.1 - general Rules General rules and rules for buildings
EN 1995-1-2,1900-01-01,eurocode 5: design of timber structures - part 1-2: general - structural fire design
EN 1998-1:2010-12,1-12-2020,Eurocode 8: Design of structures for earthquake resistance - Part 1: General rules, seismic actions and rules for buildings
EN 29052-1:1992,1992-06-30,Acoustics - Determination of dynamic stiffness - Part 1: Materials used under floating floors in dwellings
EN 300,1900-01-01,"oriented strand boards (OSB) - definitions, classification and specifications"
EN 301,1900-01-01,"adhesives, phenolic and aminoplastic, for load-bearing timber structures - classification and performance requirements"
EN 312,1900-01-01,particleboards. specifications
EN 314-2,1900-01-01,plywood - bonding quality - part 2: requirements
EN 317,1900-01-01,particleboards and fibreboards - determination of swelling in thickness after immersion in water
EN 318,1900-01-01,wood-based panels - determination of dimensional changes associated with changes in relative humidity
EN 319,1900-01-01,particleboards and fibreboards - determination of tensile strength perpendicular to the plane of the board
EN 320,1900-01-01,particleboards and fibreboards - determination of resistance to axial withdrawal of screws
EN 322,1900-01-01,wood-based panels. determination of moisture content
EN 323,1900-01-01,wood-based panels - determination of density
EN 324-1,1900-01-01,"wood-based panels - determination of dimensions of boards - part 1: determination of thickness, width and length"
EN 326-1,1900-01-01,"wood-based panels - sampling, cutting and inspection - part 1: sampling and cutting of test pieces and expression of test results"
EN 335-3,1900-01-01,durability of wood and wood-based products - definition of hazard classes of biological attack - part 3: application to wood-based panels
EN 335,1900-01-01,"durability of wood and wood-based products - Use classes: definitions, application to solid wood and wood-based products"
EN 338:2016-07,1-7-2016,Structural timber - Strength classes
EN 350,1900-01-01,durability of wood and wood-based products. testing and classification of the durability to biological agents of wood and wood-based materials
EN 351-1,1900-01-01,durability of wood and wood-based products - preservative-treated solid wood - part 1: classification of preservative penetration and retention
EN 356:1999,1999-11-17,Glass in building - Security glazing - Testing and classification of resistance against manual attack
EN 382-2,1900-01-01,fiberboards - determination of surface absorption - part 2 : test method for hardboards
EN 383,1900-01-01,timber structures - test methods - determination of embedment strength and foundation values for dowel type fasteners
EN 384,1900-01-01,structural timber - determination of characteristic values of mechanical properties and density
EN 408,1900-01-01,timber structures - structural timber and glued laminated timber - determination of some physical and mechanical properties
EN 410:2011,2011-02-09,Glass in building - Determination of luminous and solar characteristics of glazing
EN 413-1:2011,2011-04-20,"Masonry cement - Part 1: Composition, specifications and conformity criteria"
EN 413-2:2016,2016-10-12,Masonry cement - Part 2: Test methods
EN 459-1:2015,2015-04-29,"Building lime - Part 1: Definitions, specifications and conformity criteria"
EN 459-2:2010,2010-09-08,Building lime - Part 2: Test methods
EN 459-3:2015,2015-04-29,Building lime - Part 3: Conformity evaluation
EN 474-1:2006+A4:2013/AC:2014,2014-03-05,Earth-moving machinery - Safety - Part 1: General requirements
EN 474-1:2006+A6:2019,2019-10-09,Earth-moving machinery - Safety - Part 1: General requirements
EN 474-10:2006+A1:2009,2009-02-11,Earth-moving machinery - Safety - Part 10: Requirements for trenchers
EN 474-11:2006+A1:2008,2008-10-01,Earth-moving machinery - Safety - Part 11: Requirements for earth and landfill compactors
EN 474-12:2006+A1:2008,2008-10-01,Earth-moving machinery - Safety - Part 12: Requirements for cable excavators
EN 474-2:2006+A1:2008,2008-10-01,Earth-moving machinery - Safety - Part 2: Requirements for tractor-dozers
EN 474-3:2006+A1:2009,2009-02-11,Earth-moving machinery - Safety - Part 3: Requirements for loaders
EN 474-4:2006+A2:2012,2012-01-11,Earth-moving machinery - Safety - Part 4: Requirements for backhoe loaders
EN 474-5:2006+A3:2013,2013-07-24,Earth-moving machinery - Safety - Part 5: Requirements for hydraulic excavators
EN 474-6:2006+A1:2009,2009-02-11,Earth-moving machinery - Safety - Part 6: Requirements for dumpers
EN 474-7:2006+A1:2009,2009-02-11,Earth-moving machinery - Safety - Part 7: Requirements for scrapers
EN 474-8:2006+A1:2009,2009-02-11,Earth-moving machinery - Safety - Part 8: Requirements for graders
EN 474-9:2006+A1:2009,2009-02-11,Earth-moving machinery - Safety - Part 9: Requirements for pipelayers
EN 492:2018-07,1-7-2018,Fibre-cement slates and fittings - Product specification and test methods
EN 494:2015-12,1-12-2015,Fibre-cement profiled sheets and fittings - Product specification and test methods
EN 500-1:2006+A1:2009,2009-12-02,Mobile road construction machinery - Safety - Part 1: Common requirements
EN 500-2:2006+A1:2008,2008-10-22,Mobile road construction machinery - Safety - Part 2: Specific requirements for road-milling machines
EN 500-3:2006+A1:2008,2008-10-22,Mobile road construction machinery - Safety - Part 3: Specific requirements for soil-stabilising machines and recycling machines
EN 500-4:2011,2011-02-16,Mobile road construction machinery - Safety - Part 4: Specific requirements for compaction machines
EN 500-6:2006+A1:2008,2008-10-08,Mobile road construction machinery - Safety - Part 6: Specific requirements for paver-finishers
EN 536:2015,2015-08-12,Road construction machines - Mixing plants for road construction materials - Safety requirements
EN 539-2:2013-08,1-8-2013,Clay roofing tiles for discontinuous laying - Determination of physical characteristics - Part 2: Test for frost resistance
EN 54-1:2021,2021-06-23,Fire detection and fire alarm systems - Part 1: Introduction
EN 54-10:2002,2002-01-23,Fire detection and fire alarm systems - Part 10: Flame detectors - Point detectors
EN 54-10:2002/A1:2005,2005-11-23,Fire detection and fire alarm systems - Part 10: Flame detectors - Point detectors
EN 54-11:2001,2001-05-23,Fire detection and fire alarm systems - Part 11: Manual call points
EN 54-11:2001/A1:2005,2005-11-23,Fire detection and fire alarm systems - Part 11: Manual call points
EN 54-12:2015,2015-04-08,Fire detection and fire alarm systems - Part 12: Smoke detectors - Line detectors using an optical beam
EN 54-13:2017+A1:2019,2019-12-18,Fire detection and fire alarm systems - Part 13: Compatibility and connectability assessment of system components
EN 54-16:2008,2008-03-05,Fire detection and fire alarm systems - Part 16: Voice alarm control and indicating equipment
EN 54-17:2005,2005-12-07,Fire detection and fire alarm systems - Part 17: Short-circuit isolators
EN 54-17:2005/AC:2007,2007-10-24,Fire detection and fire alarm systems - Part 17: Short-circuit isolators
EN 54-18:2005,2005-12-07,Fire detection and fire alarm systems - Part 18: Input/output devices
EN 54-18:2005/AC:2007,2007-01-24,Fire detection and fire alarm systems - Part 18: Input/output devices
EN 54-2:1997,1997-10-22,Fire detection and fire alarm systems - Part 2: Control and indicating equipment
EN 54-2:1997/A1:2006,2006-10-25,Fire detection and fire alarm systems - Part 2: Control and indicating equipment
EN 54-2:1997/AC:1999,1999-02-25,Fire detection and fire alarm systems - Part 2: Control and indicating equipment
EN 54-20:2006,2006-06-21,Fire detection and fire alarm systems - Part 20: Aspirating smoke detectors
EN 54-20:2006/AC:2008,2008-11-19,Fire detection and fire alarm systems - Part 20: Aspirating smoke detectors
EN 54-21:2006,2006-05-31,Fire detection and fire alarm systems - Part 21: Alarm transmission and fault warning routing equipment
EN 54-22:2015+A1:2020,2020-02-26,Fire detection and fire alarm systems - Part 22: Resettable line-type heat detectors
EN 54-23:2010,2010-03-10,Fire detection and fire alarm systems - Part 23: Fire alarm devices - Visual alarm devices 
EN 54-24:2008,2008-04-02,Fire detection and fire alarm systems - Part 24: Components of voice alarm systems - Loudspeakers
EN 54-25:2008,2008-03-05,Fire detection and fire alarm systems - Part 25: Components using radio links
EN 54-25:2008/AC:2012,2012-03-07,Fire detection and fire alarm systems - Part 25: Components using radio links
EN 54-26:2015,2015-04-08,Fire detection and fire alarm systems - Part 26: Carbon monoxide detectors - Point detectors
EN 54-27:2015,2015-03-11,Fire detection and fire alarms systems - Part 27: Duct smoke detectors
EN 54-28:2016,2016-02-17,Fire detection and fire alarm system - Part 28: Non-resettable line-type heat detectors
EN 54-29:2015,2015-04-08,Fire detection and fire alarm systems - Part 29: Multi-sensor fire detectors - Point detectors using a combination of smoke and heat sensors
EN 54-3:2014+A1:2019,2019-03-27,Fire detection and fire alarm systems - Part 3: Fire alarm devices - Sounders
EN 54-30:2015,2015-04-08,Fire detection and fire alarm systems - Part 30: Multi-sensor fire detectors - Point detectors using a combination of carbon monoxide and heat sensors
EN 54-31:2014+A1:2016,2016-04-27,Fire detection and fire alarm systems - Part 31: Multi-sensor fire detectors - Point detectors using a combination of smoke, carbon monoxide and optionally heat sensors
EN 54-4:1997,1997-10-22,Fire detection and fire alarm systems - Part 4: Power supply equipment
EN 54-4:1997/A1:2002,2002-12-04,Fire detection and fire alarm systems - Part 4: Power supply equipment
EN 54-4:1997/A2:2006,2006-08-23,Fire detection and fire alarm systems - Part 4: Power supply equipment
EN 54-4:1997/AC:1999,1999-02-25,Fire detection and fire alarm systems - Part 4: Power supply equipment
EN 54-5:2017+A1:2018,2018-08-08,Fire detection and fire alarm systems - Part 5: Heat detectors - Point heat detectors
EN 54-7:2018,2018-08-29,Fire detection and fire alarm systems - Part 7: Smoke detectors - Point smoke detectors that operate using scattered light, transmitted light or ionization
EN 572-1:2012+A1:2016,2016-02-10,Glass in building - Basic soda-lime silicate glass products - Part 1: Definitions and general physical and mechanical properties
EN 572-2:2012,2012-07-18,Glass in building - Basic soda lime silicate glass products - Part 2: Float glass
EN 572-3:2012,2012-07-18,Glass in building - Basic soda lime silicate glass products - Part 3: Polished wired glass
EN 572-4:2012,2012-07-18,Glass in building - Basic soda lime silicate glass products - Part 4: Drawn sheet glass
EN 572-5:2012,2012-07-18,Glass in building - Basic soda lime silicate glass products - Part 5: Patterned glass
EN 572-6:2012,2012-07-18,Glass in building - Basic soda lime silicate glass products - Part 6: Wired patterned glass
EN 572-7:2012,2012-07-18,Glass in building - Basic soda lime silicate glass products - Part 7: Wired or unwired channel shaped glass
EN 572-8:2012+A1:2016,2016-02-10,Glass in building - Basic soda-lime silicate glass products - Part 8: Supplied and final cut sizes
EN 572-9:2004,2004-10-06,Glass in building - Basic soda lime silicate glass products - Part 9: Evaluation of conformity/Product standard
EN 594,1900-01-01,timber structures - test methods - racking strength and stiffness of timber frame wall panels
EN 60672-2:2000-10,1-10-2000,Ceramic and glass insulating materials - Part 2: Methods of test (IEC 60672-2:1999)
EN 61140:2016-11,1-11-2016,Protection against electric shock - Common aspects for installation and equipment (IEC 61140:2016)
EN 635-1,1900-01-01,plywood - classification by surface appearance - part 1: general
EN 673:2011,2011-02-09,Glass in building - Determination of thermal transmittance (U value) - Calculation method
EN 674:2011,2011-06-15,Glass in building - Determination of thermal transmittance (U value) - Guarded hot plate method
EN 675:2011,2011-06-15,"Glass in building - Determination of thermal transmittance (U value) - Heat flow meter method "
EN 717-1,1900-01-01,wood-based panels - determination of formaldehyde release - part 1: formaldehyde emission by the chamber method
EN 717-2,1900-01-01,wood-based panels - determination of formaldehyde release - part 2: formaldehyde release by the gas analysis method
EN 771-3:2011,2011-05-01,Specification for masonry units - part 3: aggregate concrete masonry units (dense and lightweight aggregates)
EN 772-1:2011,2011-05-01,Methods of test for masonry units - Part 1: Determination of compressive strength
EN 789,1900-01-01,timber structures - test methods - determination of mechanical properties of wood based panels?
EN 975-1,1900-01-01,sawn timber - appearance grading of hardwoods - part 1: oak and beech
EN 998-1:2017-02,1-2-2017,Specification for mortar for masonry - Part 1: Rendering and plastering mortar
EN IEC 61730-1:2018-10,1-10-2018,Photovoltaic (PV) module safety qualification - Part 1: Requirements for construction (IEC 61730-1:2016)
EN ISO 10052:2004,2004-12-15,Acoustics - Field measurements of airborne and impact sound insulation and of service equipment sound - Survey method (ISO 10052:2004)
EN ISO 10052:2004/A1:2010,2010-05-15,Acoustics - Field measurements of airborne and impact sound insulation and of service equipment sound - Survey method - Amendment 1 (ISO 10052:2004/Amd 1:2010)
EN ISO 10140-1:2016,2016-08-24,Acoustics - Laboratory measurement of sound insulation of building elements - Part 1: Application rules for specific products (ISO 10140-1:2016)
EN ISO 10140-1:2021-09,1-9-2021,Acoustics - Laboratory measurement of sound insulation of building elements - Part 1: Application rules for specific products (ISO 10140-1:2021)
EN ISO 10140-2:2010,2010-09-01,Acoustics - Laboratory measurement of sound insulation of building elements - Part 2: Measurement of airborne sound insulation (ISO 10140-2:2010)
EN ISO 10140-3:2010,2010-09-01,Acoustics - Laboratory measurement of sound insulation of building elements - Part 3: Measurement of impact sound insulation (ISO 10140-3:2010)
EN ISO 10140-3:2010/A1:2015,2015-06-10,Acoustics - Laboratory measurement of sound insulation of building elements - Part 3: Measurement of impact sound insulation - Amendment 1 (ISO 10140-3:2010/Amd 1:2015)
EN ISO 10140-4:2010,2010-09-01,Acoustics - Laboratory measurement of sound insulation of building elements - Part 4: Measurement procedures and requirements (ISO 10140-4:2010)
EN ISO 10140-5:2010,2010-09-01,Acoustics - Laboratory measurement of sound insulation of building elements - Part 5: Requirements for test facilities and equipment (ISO 10140-5:2010)
EN ISO 10140-5:2010/A1:2014,2014-05-07,Acoustics - Laboratory measurement of sound insulation of building elements - Part 5: Requirements for test facilities and equipment - Amendment 1: Rainfall sound (ISO 10140-5:2010/Amd 1:2014)
EN ISO 10211:2018-03,1-3-2018,Thermal bridges in building construction - Heat flows and surface temperatures - Detailed calculations (ISO 10211:2017)
EN ISO 10456:2010-05,1-5-2010,Building materials and products - Hygrothermal properties - Tabulated design values and procedures for determining declared and design thermal values (ISO 10456:2007 + Cor. 1:2009)
EN ISO 10534-1:2001,2001-06-20,Acoustics - Determination of sound absorption coefficient and impedance in impedances tubes - Part 1: Method using standing wave ratio (ISO 10534-1:1996)
EN ISO 10534-2:2001,2001-06-20,Acoustics - Determination of sound absorption coefficient and impedance in impedances tubes - Part 2: Transfer-function method (ISO 10534-2:1998)
EN ISO 10545-12:1997-12,1-12-1997,Ceramic tiles - Part 12: Determination of frost resistance (ISO 10545-12:1995)
EN ISO 10545-13:2017-04,1-4-2017,Ceramic tiles - Part 13: Determination of chemical resistance (ISO 10545-13:2016)
EN ISO 10545-14:2016-02,1-2-2016,Ceramic tiles - Part 14: Determination of resistance to stains (ISO 10545-14:2015)
EN ISO 10545-15:2021-09,1-9-2021,Ceramic tiles - Part 15: Determination of lead and cadmium given off by tiles (ISO 10545-15:2021)
EN ISO 10545-3:2018-06,1-6-2018,Ceramic tiles - Part 3: Determination of water absorption, apparent porosity, apparent relative density and bulk density (ISO 10545-3:2018)
EN ISO 10545-4:2019-06,1-6-2019,Ceramic tiles - Part 4: Determination of modulus of rupture and breaking strength (ISO 10545-4:2019)
EN ISO 10545-5:1997-12,1-12-1997,Ceramic tiles - Part 5: Determination of impact resistance by measurement of coefficient of restitution (ISO 10545-5:1996, including Technical Corrigendum 1:1996)
EN ISO 10545-6:2012-05,1-5-2012,Ceramic tiles - Part 6: Determination of resistance to deep abrasion for unglazed tiles (ISO 10545-6:2010)
EN ISO 10545-9:2013-12,1-12-2013,Ceramic tiles - Part 9: Determination of resistance to thermal shock (ISO 10545-9:2013)
EN ISO 10848-1:2017,2017-10-25,"Acoustics - Laboratory and field measurement of flanking transmission for airborne, impact and building service equipment sound between adjoining rooms - Part 1: Frame document (ISO 10848-1:2017)"
EN ISO 10848-2:2017,2017-10-25,"Acoustics - Laboratory and field measurement of flanking transmission for airborne, impact and building service equipment sound between adjoining rooms - Part 2: Application to Type B elements when the junction has a small influence (ISO 10848-2:2017)"
EN ISO 10848-3:2017,2017-10-25,"Acoustics - Laboratory and field measurement of flanking transmission for airborne, impact and building service equipment sound between adjoining rooms - Part 3: Application to Type B elements when the junction has a substantial influence (ISO 10848-3:2017)"
EN ISO 10848-4:2017,2017-10-25,"Acoustics - Laboratory and field measurement of flanking transmission for airborne, impact and building service equipment sound between adjoining rooms - Part 4: Application to junctions with at least one Type A element (ISO 10848-4:2017)"
EN ISO 11654:1997,1997-04-01,Acoustics - Sound absorbers for use in buildings - Rating of sound absorption (ISO 11654:1997)
EN ISO 12006-2:2020,2020-02-05,Building construction - Organization of information about construction works - Part 2: Framework for classification (ISO 12006-2:2015)
EN ISO 12006-3:2016,2016-10-19,Building construction - Organization of information about construction works - Part 3: Framework for object-oriented information (ISO 12006-3:2007)
EN ISO 12354-1:2017,2017-08-16,Building acoustics - Estimation of acoustic performance of buildings from the performance of elements - Part 1: Airborne sound insulation between rooms (ISO 12354-1:2017)
EN ISO 12354-2:2017,2017-08-16,Building acoustics - Estimation of acoustic performance of buildings from the performance of elements - Part 2: Impact sound insulation between rooms (ISO 12354-2:2017)
EN ISO 12354-3:2017,2017-08-16,Building acoustics - Estimation of acoustic performance of buildings from the performance of elements - Part 3: Airborne sound insulation against outdoor sound (ISO 12354-3:2017)
EN ISO 12354-4:2017,2017-08-16,Building acoustics - Estimation of acoustic performance of buildings from the performance of elements - Part 4: Transmission of indoor sound to the outside (ISO 12354-4:2017)
EN ISO 12543-1:2011,2011-08-15,Glass in building - Laminated glass and laminated safety glass - Part 1: Definitions and description of component parts (ISO 12543-1:2011)
EN ISO 12543-2:2011,2011-08-15,Glass in building - Laminated glass and laminated safety glass - Part 2: Laminated safety glass (ISO 12543-2:2011)
EN ISO 12543-3:2011,2011-08-15,Glass in building - Laminated glass and laminated safety glass - Part 3: Laminated glass (ISO 12543-3:2011)
EN ISO 12543-4:2011,2011-08-15,Glass in building - Laminated glass and laminated safety glass - Part 4: Test methods for durability (ISO 12543-4:2011)
EN ISO 12543-5:2011,2011-08-15,Glass in building - Laminated glass and laminated safety glass - Part 5: Dimensions and edge finishing (ISO 12543-5:2011)
EN ISO 12543-6:2011,2011-08-15,Glass in building - Laminated glass and laminated safety glass - Part 6: Appearance (ISO 12543-6:2011)
EN ISO 12543-6:2011/AC:2012,2012-05-15,Glass in building - Laminated glass and laminated safety glass - Part 6: Appearance - Technical Corrigendum 1 (ISO 12543-6:2011/Cor 1:2012)
EN ISO 12944-1:2019-01,1-1-2019,Paints and varnishes - Corrosion protection of steel structures by protective paint systems - Part 1: General introduction (ISO 12944-1:2017)
EN ISO 12999-1:2014,2014-05-21,Acoustics - Determination and application of measurement uncertainties in building acoustics - Part 1: Sound insulation (ISO 12999-1:2014)
EN ISO 12999-2:2020,2020-07-08,Acoustics - Determination and application of measurement uncertainties in building acoustics - Part 2: Sound absorption (ISO 12999-2:2020)
EN ISO 13766-1:2018,2018-06-06,Earth-moving and building construction machinery - Electromagnetic compatibility (EMC) of machines with internal electrical power supply - Part 1: General EMC requirements under typical electromagnetic environmental conditions (ISO 13766-1:2018)
EN ISO 13766-2:2018,2018-06-06,Earth-moving and building construction machinery - Electromagnetic compatibility (EMC) of machines with internal electrical power supply - Part 2: Additional EMC requirements for functional safety (ISO 13766-2:2018)
EN ISO 13788:2012,2012-12-14,Hygrothermal performance of building components and building elements - Internal surface temperature to avoid critical surface humidity and interstitial condensation - Calculation methods
EN ISO 14438:2002,2002-06-15,Glass in building - Determination of energy balance value - Calculation method (ISO 14438:2002)
EN ISO 15186-1:2003,2003-07-30,Acoustics - Measurement of sound insulation in buildings and of building elements using sound intensity - Part 1: Laboratory measurements (ISO 15186-1:2000)
EN ISO 15186-2:2010,2010-09-01,Acoustics - Measurement of sound insulation in buildings and of building elements using sound intensity - Part 2: Field measurements (ISO 15186-2:2003)
EN ISO 15186-3:2010,2010-09-01,Acoustics - Measurement of sound insulation in buildings and of building elements using sound intensity - Part 3: Laboratory measurements at low frequencies (ISO 15186-3:2002)
EN ISO 16001:2017,2017-12-20,Earth-moving machinery - Object detection systems and visibility aids - Performance requirements and tests (ISO 16001:2017)
EN ISO 16032:2004,2004-09-15,Acoustics - Measurement of sound pressure level from service equipment in buildings - Engineering method (ISO 16032:2004)
EN ISO 16251-1:2014,2014-08-06,Acoustics - Laboratory measurement of the reduction of transmitted impact noise by floor coverings on a small floor mock-up - Part 1: Heavyweight compact floor (ISO 16251-1:2014)
EN ISO 16283-1:2014,2014-02-19,Acoustics - Field measurement of sound insulation in buildings and of building elements - Part 1: Airborne sound insulation (ISO 16283-1:2014)
EN ISO 16283-1:2014/A1:2017,2017-12-06,Acoustics - Field measurement of sound insulation in buildings and of building elements - Part 1: Airborne sound insulation - Amendment 1 (ISO 16283-1:2014/Amd 1:2017)
EN ISO 16283-2:2020,2020-08-26,Acoustics - Field measurement of sound insulation in buildings and of building elements - Part 2: Impact sound insulation (ISO 16283-2:2020)
EN ISO 16283-3:2016,2016-02-24,Acoustics - Field measurement of sound insulation in buildings and of building elements - Part 3: Façade sound insulation (ISO 16283-3:2016)
EN ISO 16739-1:2020,2020-02-19,Industry Foundation Classes (IFC) for data sharing in the construction and facility management industries - Part 1: Data schema (ISO 16739-1:2018)
EN ISO 16757-1:2019,2019-05-29,"Data structures for electronic product catalogues for building services - Part 1: Concepts, architecture and model (ISO 16757-1:2015)"
EN ISO 16757-2:2019,2019-05-29,Data structures for electronic product catalogues for building services - Part 2: Geometry (ISO 16757-2:2016)
EN ISO 18233:2006,2006-06-01,Acoustics - Application of new measurement methods in building and room acoustics (ISO 18233:2006)
EN ISO 19014-1:2018,2018-08-15,"Earth-moving machinery - Functional safety - Part 1: Methodology to determine safety-related parts of the control system and performance requirements (ISO 19014-1:2018, Corrected version 2019-02)"
EN ISO 19014-3:2018,2018-10-24,Earth-moving machinery - Functional safety - Part 3: Environmental performance and test requirements of electronic and electrical components used in safety-related parts of the control system (ISO 19014-3:2018)
EN ISO 19014-4:2020,2020-08-19,Earth-moving machinery - Functional safety - Part 4: Design and evaluation of software and data transmission for safety-related parts of the control system (ISO 19014-4:2020)
EN ISO 19432-1:2020,2020-02-26,"Building construction machinery and equipment - Portable, hand-held, internal combustion engine-driven abrasive cutting machines - Part 1: Safety requirements for cut-off machines for centre-mounted rotating abrasive wheels (ISO 19432-1:2020)"
EN ISO 19650-1:2018,2018-12-19,"Organization and digitization of information about buildings and civil engineering works, including building information modelling (BIM) - Information management using building information modelling - Part 1: Concepts and principles (ISO 19650-1:2018)"
EN ISO 19650-2:2018,2018-12-19,"Organization and digitization of information about buildings and civil engineering works, including building information modelling (BIM) - Information management using building information modelling - Part 2: Delivery phase of the assets (ISO 19650-2:2018)"
EN ISO 19650-3:2020,2020-08-19,"Organization and digitization of information about buildings and civil engineering works, including building information modelling (BIM) - Information management using building information modelling - Part 3: Operational phase of the assets (ISO 19650-3:2020)"
EN ISO 19650-5:2020,2020-07-01,"Organization and digitization of information about buildings and civil engineering works, including building information modelling (BIM) - Information management using building information modelling - Part 5: Security-minded approach to information management (ISO 19650-5:2020)"
EN ISO 21597-1:2020,2020-04-22,Information container for linked document delivery - Exchange specification - Part 1: Container (ISO 21597-1:2020)
EN ISO 23386:2020,2020-03-25,"Building information modelling and other digital processes used in construction - Methodology to describe, author and maintain properties in interconnected data dictionaries (ISO 23386:2020)"
EN ISO 23387:2020,2020-07-22,Building information modelling (BIM) - Data templates for construction objects used in the life cycle of built assets - Concepts and principles (ISO 23387:2020)
EN ISO 2860:2008,2008-09-17,Earth-moving machinery - Minimum access dimensions (ISO 2860:1992)
EN ISO 2867:2011,2011-07-15,Earth-moving machinery - Access systems (ISO 2867:2011)
EN ISO 29481-1:2017,2017-10-11,Building information models - Information delivery manual - Part 1: Methodology and format (ISO 29481-1:2016)
EN ISO 29481-2:2016,2016-10-19,Building information models - Information delivery manual - Part 2: Interaction framework (ISO 29481-2:2012)
EN ISO 3164:2013,2013-05-08,Earth-moving machinery - Laboratory evaluations of protective structures - Specifications for deflection-limiting volume (ISO 3164:2013)
EN ISO 3382-1:2009,2009-06-15,Acoustics - Measurement of room acoustic parameters - Part 1: Performance spaces (ISO 3382-1:2009)
EN ISO 3382-2:2008,2008-06-15,Acoustics - Measurement of room acoustic parameters - Part 2: Reverberation time in ordinary rooms (ISO 3382-2:2008)
EN ISO 3382-2:2008/AC:2009,2009-05-27,Acoustics - Measurement of room acoustic parameters - Part 2: Reverberation time in ordinary rooms (ISO 3382-2:2008/Cor 1:2009)
EN ISO 3382-3:2012,2012-02-01,Acoustics - Measurement of room acoustic parameters - Part 3: Open plan offices (ISO 3382-3:2012)
EN ISO 3411:2007,2007-07-15,Earth-moving machinery - Physical dimensions of operators and minimum operator space envelope (ISO 3411:2007)
EN ISO 3449:2008,2008-09-17,Earth-moving machinery - Falling-object protective structures - Laboratory tests and performance requirements (ISO 3449:2005)
EN ISO 3450:2011,2011-11-01,Earth-moving machinery - Wheeled or high-speed rubber-tracked machines - Performance requirements and test procedures for brake systems (ISO 3450:2011)
EN ISO 3457:2008,2008-09-17,Earth-moving machinery - Guards - Definitions and requirements (ISO 3457:2003)
EN ISO 3471:2008,2008-08-15,Earth-moving machinery - Roll-over protective structures - Laboratory tests and performance requirements (ISO 3471:2008)
EN ISO 354:2003,2003-05-15,Acoustics - Measurement of sound absorption in a reverberation room (ISO 354:2003)
EN ISO 3822-1:1999,1999-05-15,Acoustics - Laboratory tests on noise emission from appliances and equipment used in water supply installations - Part 1: Method of measurement (ISO 3822-1:1999)
EN ISO 3822-1:1999/A1:2008,2008-12-15,Acoustics - Laboratory tests on noise emission from appliances and equipment used in water supply installations - Part 1: Method of measurement - Amendment 1: Measurement uncertainty (ISO 3822-1:1999/Amd 1:2008)
EN ISO 3822-2:1995,1995-03-28,Acoustics - Laboratory tests on noise emission from appliances and equipment used in water supply installations - Part 2: Mounting and operating conditions for draw-off taps and mixing valves (ISO 3822-2:1995)
EN ISO 3822-3:2018,2018-02-07,Acoustics - Laboratory tests on noise emission from appliances and equipment used in water supply installations - Part 3: Mounting and operating conditions for in-line valves and appliances (ISO 3822-3:2018)
EN ISO 3822-4:1997,1997-01-15,Acoustics - Laboratory tests on noise emission from appliances and equipment used in water supply installations - Part 4: Mounting and operating conditions for special appliances
EN ISO 5010:2019,2019-12-18,Earth-moving machinery - Wheeled machines - Steering requirements (ISO 5010:2019)
EN ISO 5353:1998,1998-09-23,"Earth-moving machinery, and tractors and machinery for agriculture and forestry - Seat index point (ISO 5353:1995)"
EN ISO 6165:2012,2012-09-01,Earth-moving machinery - Basic types - Identification and terms and definitions (ISO 6165:2012)
EN ISO 6682:2008,2008-09-17,"Earth-moving machinery - Zones of comfort and reach for controls (ISO 6682:1986, including Amd 1:1989)"
EN ISO 6683:2008,2008-08-13,Earth-moving machinery - Seat belts and seat belt anchorages - Performance requirements and tests (ISO 6683:2005)
EN ISO 6946:2017,2017-07-01,Building components and building elements - Thermal resistance and thermal transmittance - Calculation methods
EN ISO 7096:2020,2020-03-11,Earth-moving machinery - Laboratory evaluation of operator seat vibration (ISO 7096:2020)
EN ISO 717-1:2013,2013-03-06,Acoustics - Rating of sound insulation in buildings and of building elements - Part 1: Airborne sound insulation (ISO 717-1:2013)
EN ISO 717-1:2021,2021-05-01,Acoustics - Rating of sound insulation in buildings and of building elements - Part 1: Airborne sound insulation (ISO 717-1:2021)
EN ISO 717-2:2013,2013-03-06,Acoustics - Rating of sound insulation in buildings and of building elements - Part 2: Impact sound insulation (ISO 717-2:2013)
EN ISO 717-2:2021,2021-05-01,Acoustics - Rating of sound insulation in buildings and of building elements - Part 2: Impact sound insulation (ISO 717-2:2021)
EN ISO 8394-1:2010,2010-10-01,Building construction - Jointing products - Part 1: Determination of extrudability of sealants (ISO 8394-1:2010)
EN ISO 8394-2:2017,2017-11-22,Buildings and civil engineering works - Determination of extrudability for sealant - Part 2: Using standardized apparatus (ISO 8394-2:2017)
EN ISO 9001,1900-01-01,quality management systems - requirements
EN ISO 9053-1:2018,2018-12-12,Acoustics - Determination of airflow resistance - Part 1: Static airflow method (ISO 9053-1:2018)
EwaGlos,2015-01-01,EwaGlos – European Illustrated Glossary of Conservation Terms for Wall Paintings and Architectural Surfaces
FHWA-NHI-23-024,2023-03-01,Bridge Inspector’s Reference Manual (BIRM) (2022 NBIS)
IEC 60050-351,2014-09-01,International electrotechnical vocabulary - Part 351: Control technology
IEC 61987-1,2006-12-01,Industrial-process measurement and control – Data structures and elements in process equipment catalogues – Part 1: Measuring equipment with analogue and digital output
IEC CDD,1980-01-01,IEC Common Data Dictionary
ICOMOS-ISCS-Glossary,2008-09-01,Illustrated Glossary on Stone Deterioration Patterns
ISO 12572,1900-01-01,hygrothermal performance of building materials and products - determination of water vapour transmission properties
ISO 13372,2012-09-15,Condition monitoring and diagnostics of machines Vocabulary
ISO 140-3,1900-01-01,acoustics - measurement of sound insulation in buildings and of building elements - part 3: laboratory measurements of airborne sound insulation of building elements
ISO 14001,1900-01-01,environmental management systems - requirements with guidance for use
ISO 14021:2016,2016-03-01,Environmental labels and declarations - Self-declared environmental claims (Type II environmental labelling)
ISO 14046:2014,1900-01-01,"Environmental management - Water footprint - Principles, requirements and guidelines"
ISO 15686-8:2008,1900-01-01,Buildings and constructed assets - Service life planning - Part 8: Reference service life and service life estimation
ISO 18001,1900-01-01,occupational health and safety management system requirements
ISO 21930:2017,1900-01-01,Sustainability in buildings and civil engineering works Core rules for environmental product declarations of construction products and services
ISO 2710-1,2017-11-01,Reciprocating internal combustion engines - Vocabulary - Part 1: Terms for engine design and operation
ISO 3340,1900-01-01,fibre building board - determination of sand content
ISO 3529-2,2020-02-01,Vacuum technology — Vocabulary — Part 2: Vacuum pumps and related terms
ISO 50001,1900-01-01,energy management systems - requirements with guidance for use
ISO 6708,1995-01-01,Pipework Components - Definition and Selection of DN (Nominal Size)
ISO 7967-6,2005-05-15,Reciprocating internal combustion engines Vocabulary of components and systems Part 6: Lubricating systems
ISO/TR 25417,2007-12-01,Acoustics — Definitions of basic quantities and terms
LRFDBDS-9,2020-01-01,AASHTO LRFD Bridge Design Specification, 9th Edition
LVL,1900-01-01,LVL Handbook
Musterbauordnung (MBO),21-9-2012,Model Building Code (MBO)
MVV TB Anhang 6,1-6-2016,Model Administrative Regulation Technical Building Regulations (MVV TB) - Annex 6
NCS,1900-01-01,NCS atlas
OI3,1900-01-01,Index of the thermal building envelope
OPC 10000-100 - Part 100,2022-01-15,OPC Unified Architecture - part 100: Devices
OPC 40001-1,1980-01-01,OPC Unified Architecture for Machinery - part 1: Basic building blocks
prEN 13300:2021-04,26-2-2021,Paints and varnishes - Paints and varnishes for interior walls and ceilings - Classification
prEN IEC 60904-1:2019-10,20-9-2019,Photovoltaic devices - Part 1: Measurement of photovoltaic current-voltage characteristics (IEC 82/1556/CD:2019)
RAL,1900-01-01,colour standard
swiss eco-factors 2013,1900-01-01,swiss eco-factors 2013
UNI 11182:2006,2006-04-13,Beni culturali - Materiali lapidei naturali ed artificiali - Descrizione della forma di alterazione - Termini e definizioni
UNI 9795:2021,2021-12-02,"Sistemi fissi automatici di rivelazione e di segnalazione allarme d'incendio - Progettazione, installazione ed esercizio"
VDI 3805-4,2021-02-01,Product data exchange in the building services - Pumps (centrifugal pumps)
VDMA 24223-1,2013-12-01,Device profile for liquid and vacuum pumps - part 1: device information model - universal profile elements - generic pump
VDMA 24223,2021-03-11,Device profile for pumps and vacuum pumps in second edition
VDMA 24224,2013-05-12,Wet runner circulating pumps - specification of PWM control signals
VKF Prüfbestimmungen,1-3-2018,ACFI Test Specifications (CH)
VW PV 3.10.7:1992-01,1-1-1992,Prüfung auf Stoffe die die Lackbenetzungsfähigkeit beeinträchtigen
WGSRPD,1900-01-01,world geographical scheme for recording plant distributions
ASTM D 610 – 08,1900-01-01,Standard Practice for Evaluating Degree of Rusting on Painted Steel Surfaces
NORMAL 1/88,1900-01-01,Standard related to the characterization and classification of alterations in stone materials
